Images,Labels
0.bmp,Mayo 1
1.bmp,Mayo 0
2.bmp,Mayo 1
3.bmp,Mayo 1
4.bmp,Mayo 3
5.bmp,Mayo 0
6.bmp,Mayo 0
7.bmp,Mayo 0
8.bmp,Mayo 0
9.bmp,Mayo 2
10.bmp,Mayo 0
11.bmp,Mayo 1
12.bmp,Mayo 2
13.bmp,Mayo 1
14.bmp,Mayo 0
15.bmp,Mayo 0
16.bmp,Mayo 0
17.bmp,Mayo 0
18.bmp,Mayo 1
19.bmp,Mayo 1
20.bmp,Mayo 0
21.bmp,Mayo 0
22.bmp,Mayo 1
23.bmp,Mayo 1
24.bmp,Mayo 1
25.bmp,Mayo 3
26.bmp,Mayo 0
27.bmp,Mayo 1
28.bmp,Mayo 1
29.bmp,Mayo 1
30.bmp,Mayo 1
31.bmp,Mayo 0
32.bmp,Mayo 0
33.bmp,Mayo 2
34.bmp,Mayo 2
35.bmp,Mayo 0
36.bmp,Mayo 0
37.bmp,Mayo 0
38.bmp,Mayo 0
39.bmp,Mayo 0
40.bmp,Mayo 1
41.bmp,Mayo 0
42.bmp,Mayo 1
43.bmp,Mayo 0
44.bmp,Mayo 1
45.bmp,Mayo 0
46.bmp,Mayo 0
47.bmp,Mayo 0
48.bmp,Mayo 1
49.bmp,Mayo 2
50.bmp,Mayo 2
51.bmp,Mayo 1
52.bmp,Mayo 1
53.bmp,Mayo 0
54.bmp,Mayo 0
55.bmp,Mayo 0
56.bmp,Mayo 0
57.bmp,Mayo 0
58.bmp,Mayo 0
59.bmp,Mayo 0
60.bmp,Mayo 1
61.bmp,Mayo 1
62.bmp,Mayo 1
63.bmp,Mayo 2
64.bmp,Mayo 1
65.bmp,Mayo 0
66.bmp,Mayo 1
67.bmp,Mayo 1
68.bmp,Mayo 1
69.bmp,Mayo 0
70.bmp,Mayo 3
71.bmp,Mayo 1
72.bmp,Mayo 0
73.bmp,Mayo 1
74.bmp,Mayo 0
75.bmp,Mayo 0
76.bmp,Mayo 1
77.bmp,Mayo 0
78.bmp,Mayo 1
79.bmp,Mayo 1
80.bmp,Mayo 0
81.bmp,Mayo 1
82.bmp,Mayo 3
83.bmp,Mayo 0
84.bmp,Mayo 1
85.bmp,Mayo 1
86.bmp,Mayo 0
87.bmp,Mayo 1
88.bmp,Mayo 0
89.bmp,Mayo 0
90.bmp,Mayo 2
91.bmp,Mayo 0
92.bmp,Mayo 3
93.bmp,Mayo 0
94.bmp,Mayo 2
95.bmp,Mayo 2
96.bmp,Mayo 0
97.bmp,Mayo 1
98.bmp,Mayo 1
99.bmp,Mayo 0
100.bmp,Mayo 3
101.bmp,Mayo 0
102.bmp,Mayo 1
103.bmp,Mayo 0
104.bmp,Mayo 0
105.bmp,Mayo 3
106.bmp,Mayo 3
107.bmp,Mayo 1
108.bmp,Mayo 0
109.bmp,Mayo 1
110.bmp,Mayo 0
111.bmp,Mayo 2
112.bmp,Mayo 2
113.bmp,Mayo 0
114.bmp,Mayo 0
115.bmp,Mayo 0
116.bmp,Mayo 0
117.bmp,Mayo 0
118.bmp,Mayo 2
119.bmp,Mayo 0
120.bmp,Mayo 2
121.bmp,Mayo 1
122.bmp,Mayo 3
123.bmp,Mayo 1
124.bmp,Mayo 2
125.bmp,Mayo 2
126.bmp,Mayo 0
127.bmp,Mayo 2
128.bmp,Mayo 1
129.bmp,Mayo 0
130.bmp,Mayo 0
131.bmp,Mayo 2
132.bmp,Mayo 1
133.bmp,Mayo 1
134.bmp,Mayo 0
135.bmp,Mayo 3
136.bmp,Mayo 2
137.bmp,Mayo 0
138.bmp,Mayo 0
139.bmp,Mayo 1
140.bmp,Mayo 1
141.bmp,Mayo 1
142.bmp,Mayo 1
143.bmp,Mayo 0
144.bmp,Mayo 0
145.bmp,Mayo 0
146.bmp,Mayo 2
147.bmp,Mayo 3
148.bmp,Mayo 1
149.bmp,Mayo 0
150.bmp,Mayo 0
151.bmp,Mayo 2
152.bmp,Mayo 0
153.bmp,Mayo 0
154.bmp,Mayo 0
155.bmp,Mayo 0
156.bmp,Mayo 2
157.bmp,Mayo 2
158.bmp,Mayo 0
159.bmp,Mayo 3
160.bmp,Mayo 0
161.bmp,Mayo 0
162.bmp,Mayo 0
163.bmp,Mayo 0
164.bmp,Mayo 1
165.bmp,Mayo 0
166.bmp,Mayo 1
167.bmp,Mayo 0
168.bmp,Mayo 1
169.bmp,Mayo 0
170.bmp,Mayo 1
171.bmp,Mayo 1
172.bmp,Mayo 0
173.bmp,Mayo 1
174.bmp,Mayo 0
175.bmp,Mayo 1
176.bmp,Mayo 0
177.bmp,Mayo 2
178.bmp,Mayo 0
179.bmp,Mayo 1
180.bmp,Mayo 0
181.bmp,Mayo 0
182.bmp,Mayo 0
183.bmp,Mayo 0
184.bmp,Mayo 1
185.bmp,Mayo 3
186.bmp,Mayo 0
187.bmp,Mayo 2
188.bmp,Mayo 0
189.bmp,Mayo 0
190.bmp,Mayo 0
191.bmp,Mayo 1
192.bmp,Mayo 1
193.bmp,Mayo 0
194.bmp,Mayo 2
195.bmp,Mayo 0
196.bmp,Mayo 1
197.bmp,Mayo 2
198.bmp,Mayo 0
199.bmp,Mayo 0
200.bmp,Mayo 0
201.bmp,Mayo 2
202.bmp,Mayo 3
203.bmp,Mayo 0
204.bmp,Mayo 3
205.bmp,Mayo 0
206.bmp,Mayo 2
207.bmp,Mayo 0
208.bmp,Mayo 2
209.bmp,Mayo 2
210.bmp,Mayo 0
211.bmp,Mayo 1
212.bmp,Mayo 0
213.bmp,Mayo 0
214.bmp,Mayo 1
215.bmp,Mayo 0
216.bmp,Mayo 0
217.bmp,Mayo 2
218.bmp,Mayo 0
219.bmp,Mayo 0
220.bmp,Mayo 2
221.bmp,Mayo 0
222.bmp,Mayo 2
223.bmp,Mayo 0
224.bmp,Mayo 0
225.bmp,Mayo 1
226.bmp,Mayo 1
227.bmp,Mayo 0
228.bmp,Mayo 0
229.bmp,Mayo 3
230.bmp,Mayo 0
231.bmp,Mayo 0
232.bmp,Mayo 0
233.bmp,Mayo 1
234.bmp,Mayo 1
235.bmp,Mayo 0
236.bmp,Mayo 0
237.bmp,Mayo 1
238.bmp,Mayo 3
239.bmp,Mayo 1
240.bmp,Mayo 0
241.bmp,Mayo 2
242.bmp,Mayo 1
243.bmp,Mayo 2
244.bmp,Mayo 0
245.bmp,Mayo 0
246.bmp,Mayo 0
247.bmp,Mayo 1
248.bmp,Mayo 0
249.bmp,Mayo 0
250.bmp,Mayo 1
251.bmp,Mayo 2
252.bmp,Mayo 2
253.bmp,Mayo 2
254.bmp,Mayo 1
255.bmp,Mayo 0
256.bmp,Mayo 0
257.bmp,Mayo 1
258.bmp,Mayo 0
259.bmp,Mayo 2
260.bmp,Mayo 1
261.bmp,Mayo 0
262.bmp,Mayo 0
263.bmp,Mayo 2
264.bmp,Mayo 3
265.bmp,Mayo 0
266.bmp,Mayo 0
267.bmp,Mayo 0
268.bmp,Mayo 3
269.bmp,Mayo 0
270.bmp,Mayo 0
271.bmp,Mayo 0
272.bmp,Mayo 3
273.bmp,Mayo 1
274.bmp,Mayo 0
275.bmp,Mayo 0
276.bmp,Mayo 0
277.bmp,Mayo 0
278.bmp,Mayo 2
279.bmp,Mayo 0
280.bmp,Mayo 1
281.bmp,Mayo 2
282.bmp,Mayo 0
283.bmp,Mayo 0
284.bmp,Mayo 0
285.bmp,Mayo 0
286.bmp,Mayo 0
287.bmp,Mayo 3
288.bmp,Mayo 0
289.bmp,Mayo 1
290.bmp,Mayo 2
291.bmp,Mayo 0
292.bmp,Mayo 1
293.bmp,Mayo 0
294.bmp,Mayo 0
295.bmp,Mayo 0
296.bmp,Mayo 0
297.bmp,Mayo 0
298.bmp,Mayo 1
299.bmp,Mayo 1
300.bmp,Mayo 0
301.bmp,Mayo 1
302.bmp,Mayo 0
303.bmp,Mayo 0
304.bmp,Mayo 1
305.bmp,Mayo 2
306.bmp,Mayo 1
307.bmp,Mayo 0
308.bmp,Mayo 0
309.bmp,Mayo 0
310.bmp,Mayo 0
311.bmp,Mayo 0
312.bmp,Mayo 1
313.bmp,Mayo 1
314.bmp,Mayo 0
315.bmp,Mayo 0
316.bmp,Mayo 1
317.bmp,Mayo 0
318.bmp,Mayo 0
319.bmp,Mayo 0
320.bmp,Mayo 0
321.bmp,Mayo 1
322.bmp,Mayo 0
323.bmp,Mayo 0
324.bmp,Mayo 0
325.bmp,Mayo 0
326.bmp,Mayo 1
327.bmp,Mayo 2
328.bmp,Mayo 1
329.bmp,Mayo 0
330.bmp,Mayo 0
331.bmp,Mayo 1
332.bmp,Mayo 2
333.bmp,Mayo 1
334.bmp,Mayo 0
335.bmp,Mayo 0
336.bmp,Mayo 2
337.bmp,Mayo 0
338.bmp,Mayo 0
339.bmp,Mayo 0
340.bmp,Mayo 0
341.bmp,Mayo 1
342.bmp,Mayo 0
343.bmp,Mayo 0
344.bmp,Mayo 1
345.bmp,Mayo 1
346.bmp,Mayo 1
347.bmp,Mayo 2
348.bmp,Mayo 1
349.bmp,Mayo 1
350.bmp,Mayo 0
351.bmp,Mayo 1
352.bmp,Mayo 0
353.bmp,Mayo 2
354.bmp,Mayo 0
355.bmp,Mayo 0
356.bmp,Mayo 2
357.bmp,Mayo 0
358.bmp,Mayo 0
359.bmp,Mayo 1
360.bmp,Mayo 2
361.bmp,Mayo 3
362.bmp,Mayo 2
363.bmp,Mayo 0
364.bmp,Mayo 1
365.bmp,Mayo 0
366.bmp,Mayo 0
367.bmp,Mayo 2
368.bmp,Mayo 1
369.bmp,Mayo 0
370.bmp,Mayo 2
371.bmp,Mayo 0
372.bmp,Mayo 2
373.bmp,Mayo 1
374.bmp,Mayo 1
375.bmp,Mayo 2
376.bmp,Mayo 1
377.bmp,Mayo 1
378.bmp,Mayo 0
379.bmp,Mayo 2
380.bmp,Mayo 2
381.bmp,Mayo 1
382.bmp,Mayo 1
383.bmp,Mayo 1
384.bmp,Mayo 0
385.bmp,Mayo 0
386.bmp,Mayo 1
387.bmp,Mayo 0
388.bmp,Mayo 0
389.bmp,Mayo 0
390.bmp,Mayo 2
391.bmp,Mayo 1
392.bmp,Mayo 0
393.bmp,Mayo 0
394.bmp,Mayo 0
395.bmp,Mayo 1
396.bmp,Mayo 2
397.bmp,Mayo 0
398.bmp,Mayo 0
399.bmp,Mayo 0
400.bmp,Mayo 1
401.bmp,Mayo 1
402.bmp,Mayo 0
403.bmp,Mayo 0
404.bmp,Mayo 2
405.bmp,Mayo 0
406.bmp,Mayo 0
407.bmp,Mayo 1
408.bmp,Mayo 1
409.bmp,Mayo 2
410.bmp,Mayo 2
411.bmp,Mayo 1
412.bmp,Mayo 1
413.bmp,Mayo 0
414.bmp,Mayo 0
415.bmp,Mayo 1
416.bmp,Mayo 1
417.bmp,Mayo 0
418.bmp,Mayo 1
419.bmp,Mayo 0
420.bmp,Mayo 1
421.bmp,Mayo 0
422.bmp,Mayo 0
423.bmp,Mayo 2
424.bmp,Mayo 0
425.bmp,Mayo 1
426.bmp,Mayo 1
427.bmp,Mayo 0
428.bmp,Mayo 1
429.bmp,Mayo 0
430.bmp,Mayo 1
431.bmp,Mayo 0
432.bmp,Mayo 0
433.bmp,Mayo 0
434.bmp,Mayo 0
435.bmp,Mayo 1
436.bmp,Mayo 0
437.bmp,Mayo 1
438.bmp,Mayo 0
439.bmp,Mayo 0
440.bmp,Mayo 0
441.bmp,Mayo 3
442.bmp,Mayo 1
443.bmp,Mayo 0
444.bmp,Mayo 0
445.bmp,Mayo 1
446.bmp,Mayo 0
447.bmp,Mayo 2
448.bmp,Mayo 2
449.bmp,Mayo 0
450.bmp,Mayo 0
451.bmp,Mayo 0
452.bmp,Mayo 0
453.bmp,Mayo 1
454.bmp,Mayo 0
455.bmp,Mayo 2
456.bmp,Mayo 1
457.bmp,Mayo 1
458.bmp,Mayo 0
459.bmp,Mayo 0
460.bmp,Mayo 0
461.bmp,Mayo 0
462.bmp,Mayo 1
463.bmp,Mayo 1
464.bmp,Mayo 0
465.bmp,Mayo 0
466.bmp,Mayo 1
467.bmp,Mayo 0
468.bmp,Mayo 0
469.bmp,Mayo 1
470.bmp,Mayo 2
471.bmp,Mayo 0
472.bmp,Mayo 0
473.bmp,Mayo 0
474.bmp,Mayo 0
475.bmp,Mayo 0
476.bmp,Mayo 0
477.bmp,Mayo 0
478.bmp,Mayo 0
479.bmp,Mayo 0
480.bmp,Mayo 1
481.bmp,Mayo 2
482.bmp,Mayo 1
483.bmp,Mayo 1
484.bmp,Mayo 0
485.bmp,Mayo 1
486.bmp,Mayo 0
487.bmp,Mayo 0
488.bmp,Mayo 1
489.bmp,Mayo 2
490.bmp,Mayo 1
491.bmp,Mayo 1
492.bmp,Mayo 0
493.bmp,Mayo 0
494.bmp,Mayo 0
495.bmp,Mayo 1
496.bmp,Mayo 0
497.bmp,Mayo 1
498.bmp,Mayo 0
499.bmp,Mayo 0
500.bmp,Mayo 0
501.bmp,Mayo 0
502.bmp,Mayo 0
503.bmp,Mayo 0
504.bmp,Mayo 2
505.bmp,Mayo 0
506.bmp,Mayo 0
507.bmp,Mayo 0
508.bmp,Mayo 1
509.bmp,Mayo 0
510.bmp,Mayo 0
511.bmp,Mayo 0
512.bmp,Mayo 0
513.bmp,Mayo 0
514.bmp,Mayo 0
515.bmp,Mayo 0
516.bmp,Mayo 0
517.bmp,Mayo 1
518.bmp,Mayo 1
519.bmp,Mayo 0
520.bmp,Mayo 0
521.bmp,Mayo 1
522.bmp,Mayo 0
523.bmp,Mayo 0
524.bmp,Mayo 0
525.bmp,Mayo 0
526.bmp,Mayo 2
527.bmp,Mayo 0
528.bmp,Mayo 0
529.bmp,Mayo 0
530.bmp,Mayo 0
531.bmp,Mayo 1
532.bmp,Mayo 0
533.bmp,Mayo 0
534.bmp,Mayo 0
535.bmp,Mayo 0
536.bmp,Mayo 2
537.bmp,Mayo 0
538.bmp,Mayo 2
539.bmp,Mayo 0
540.bmp,Mayo 0
541.bmp,Mayo 0
542.bmp,Mayo 1
543.bmp,Mayo 0
544.bmp,Mayo 0
545.bmp,Mayo 0
546.bmp,Mayo 0
547.bmp,Mayo 3
548.bmp,Mayo 0
549.bmp,Mayo 3
550.bmp,Mayo 1
551.bmp,Mayo 0
552.bmp,Mayo 0
553.bmp,Mayo 0
554.bmp,Mayo 1
555.bmp,Mayo 3
556.bmp,Mayo 1
557.bmp,Mayo 0
558.bmp,Mayo 1
559.bmp,Mayo 1
560.bmp,Mayo 0
561.bmp,Mayo 1
562.bmp,Mayo 0
563.bmp,Mayo 2
564.bmp,Mayo 1
565.bmp,Mayo 0
566.bmp,Mayo 0
567.bmp,Mayo 0
568.bmp,Mayo 1
569.bmp,Mayo 0
570.bmp,Mayo 0
571.bmp,Mayo 1
572.bmp,Mayo 2
573.bmp,Mayo 0
574.bmp,Mayo 0
575.bmp,Mayo 0
576.bmp,Mayo 0
577.bmp,Mayo 1
578.bmp,Mayo 1
579.bmp,Mayo 1
580.bmp,Mayo 1
581.bmp,Mayo 0
582.bmp,Mayo 0
583.bmp,Mayo 1
584.bmp,Mayo 0
585.bmp,Mayo 0
586.bmp,Mayo 2
587.bmp,Mayo 0
588.bmp,Mayo 1
589.bmp,Mayo 2
590.bmp,Mayo 0
591.bmp,Mayo 1
592.bmp,Mayo 0
593.bmp,Mayo 1
594.bmp,Mayo 1
595.bmp,Mayo 0
596.bmp,Mayo 3
597.bmp,Mayo 1
598.bmp,Mayo 0
599.bmp,Mayo 2
600.bmp,Mayo 1
601.bmp,Mayo 0
602.bmp,Mayo 1
603.bmp,Mayo 3
604.bmp,Mayo 0
605.bmp,Mayo 0
606.bmp,Mayo 0
607.bmp,Mayo 0
608.bmp,Mayo 1
609.bmp,Mayo 0
610.bmp,Mayo 0
611.bmp,Mayo 1
612.bmp,Mayo 2
613.bmp,Mayo 1
614.bmp,Mayo 2
615.bmp,Mayo 0
616.bmp,Mayo 1
617.bmp,Mayo 1
618.bmp,Mayo 0
619.bmp,Mayo 0
620.bmp,Mayo 2
621.bmp,Mayo 0
622.bmp,Mayo 2
623.bmp,Mayo 1
624.bmp,Mayo 1
625.bmp,Mayo 0
626.bmp,Mayo 3
627.bmp,Mayo 1
628.bmp,Mayo 2
629.bmp,Mayo 0
630.bmp,Mayo 1
631.bmp,Mayo 2
632.bmp,Mayo 0
633.bmp,Mayo 2
634.bmp,Mayo 0
635.bmp,Mayo 2
636.bmp,Mayo 0
637.bmp,Mayo 0
638.bmp,Mayo 1
639.bmp,Mayo 2
640.bmp,Mayo 1
641.bmp,Mayo 0
642.bmp,Mayo 0
643.bmp,Mayo 1
644.bmp,Mayo 1
645.bmp,Mayo 0
646.bmp,Mayo 0
647.bmp,Mayo 0
648.bmp,Mayo 1
649.bmp,Mayo 2
650.bmp,Mayo 1
651.bmp,Mayo 0
652.bmp,Mayo 0
653.bmp,Mayo 0
654.bmp,Mayo 1
655.bmp,Mayo 0
656.bmp,Mayo 0
657.bmp,Mayo 0
658.bmp,Mayo 1
659.bmp,Mayo 0
660.bmp,Mayo 0
661.bmp,Mayo 2
662.bmp,Mayo 1
663.bmp,Mayo 1
664.bmp,Mayo 1
665.bmp,Mayo 0
666.bmp,Mayo 0
667.bmp,Mayo 2
668.bmp,Mayo 0
669.bmp,Mayo 1
670.bmp,Mayo 1
671.bmp,Mayo 0
672.bmp,Mayo 0
673.bmp,Mayo 1
674.bmp,Mayo 1
675.bmp,Mayo 1
676.bmp,Mayo 0
677.bmp,Mayo 3
678.bmp,Mayo 1
679.bmp,Mayo 0
680.bmp,Mayo 1
681.bmp,Mayo 2
682.bmp,Mayo 1
683.bmp,Mayo 0
684.bmp,Mayo 0
685.bmp,Mayo 1
686.bmp,Mayo 3
687.bmp,Mayo 1
688.bmp,Mayo 1
689.bmp,Mayo 0
690.bmp,Mayo 1
691.bmp,Mayo 1
692.bmp,Mayo 0
693.bmp,Mayo 1
694.bmp,Mayo 2
695.bmp,Mayo 0
696.bmp,Mayo 0
697.bmp,Mayo 1
698.bmp,Mayo 2
699.bmp,Mayo 0
700.bmp,Mayo 1
701.bmp,Mayo 1
702.bmp,Mayo 0
703.bmp,Mayo 2
704.bmp,Mayo 0
705.bmp,Mayo 0
706.bmp,Mayo 1
707.bmp,Mayo 0
708.bmp,Mayo 0
709.bmp,Mayo 2
710.bmp,Mayo 1
711.bmp,Mayo 2
712.bmp,Mayo 2
713.bmp,Mayo 0
714.bmp,Mayo 0
715.bmp,Mayo 0
716.bmp,Mayo 1
717.bmp,Mayo 0
718.bmp,Mayo 2
719.bmp,Mayo 0
720.bmp,Mayo 0
721.bmp,Mayo 1
722.bmp,Mayo 1
723.bmp,Mayo 0
724.bmp,Mayo 2
725.bmp,Mayo 1
726.bmp,Mayo 0
727.bmp,Mayo 1
728.bmp,Mayo 3
729.bmp,Mayo 0
730.bmp,Mayo 0
731.bmp,Mayo 1
732.bmp,Mayo 2
733.bmp,Mayo 1
734.bmp,Mayo 0
735.bmp,Mayo 0
736.bmp,Mayo 2
737.bmp,Mayo 0
738.bmp,Mayo 0
739.bmp,Mayo 0
740.bmp,Mayo 1
741.bmp,Mayo 1
742.bmp,Mayo 0
743.bmp,Mayo 0
744.bmp,Mayo 0
745.bmp,Mayo 0
746.bmp,Mayo 0
747.bmp,Mayo 1
748.bmp,Mayo 2
749.bmp,Mayo 0
750.bmp,Mayo 0
751.bmp,Mayo 0
752.bmp,Mayo 2
753.bmp,Mayo 1
754.bmp,Mayo 2
755.bmp,Mayo 1
756.bmp,Mayo 0
757.bmp,Mayo 0
758.bmp,Mayo 3
759.bmp,Mayo 0
760.bmp,Mayo 0
761.bmp,Mayo 1
762.bmp,Mayo 0
763.bmp,Mayo 0
764.bmp,Mayo 1
765.bmp,Mayo 3
766.bmp,Mayo 1
767.bmp,Mayo 2
768.bmp,Mayo 3
769.bmp,Mayo 1
770.bmp,Mayo 2
771.bmp,Mayo 0
772.bmp,Mayo 0
773.bmp,Mayo 1
774.bmp,Mayo 2
775.bmp,Mayo 2
776.bmp,Mayo 0
777.bmp,Mayo 0
778.bmp,Mayo 0
779.bmp,Mayo 0
780.bmp,Mayo 1
781.bmp,Mayo 2
782.bmp,Mayo 0
783.bmp,Mayo 1
784.bmp,Mayo 2
785.bmp,Mayo 1
786.bmp,Mayo 1
787.bmp,Mayo 3
788.bmp,Mayo 0
789.bmp,Mayo 1
790.bmp,Mayo 0
791.bmp,Mayo 1
792.bmp,Mayo 0
793.bmp,Mayo 0
794.bmp,Mayo 2
795.bmp,Mayo 1
796.bmp,Mayo 2
797.bmp,Mayo 1
798.bmp,Mayo 0
799.bmp,Mayo 1
800.bmp,Mayo 1
801.bmp,Mayo 1
802.bmp,Mayo 0
803.bmp,Mayo 0
804.bmp,Mayo 0
805.bmp,Mayo 2
806.bmp,Mayo 0
807.bmp,Mayo 1
808.bmp,Mayo 0
809.bmp,Mayo 0
810.bmp,Mayo 0
811.bmp,Mayo 0
812.bmp,Mayo 1
813.bmp,Mayo 3
814.bmp,Mayo 2
815.bmp,Mayo 0
816.bmp,Mayo 1
817.bmp,Mayo 0
818.bmp,Mayo 0
819.bmp,Mayo 0
820.bmp,Mayo 1
821.bmp,Mayo 0
822.bmp,Mayo 0
823.bmp,Mayo 1
824.bmp,Mayo 0
825.bmp,Mayo 3
826.bmp,Mayo 0
827.bmp,Mayo 0
828.bmp,Mayo 0
829.bmp,Mayo 0
830.bmp,Mayo 1
831.bmp,Mayo 0
832.bmp,Mayo 0
833.bmp,Mayo 0
834.bmp,Mayo 0
835.bmp,Mayo 2
836.bmp,Mayo 0
837.bmp,Mayo 1
838.bmp,Mayo 3
839.bmp,Mayo 0
840.bmp,Mayo 0
841.bmp,Mayo 1
842.bmp,Mayo 0
843.bmp,Mayo 0
844.bmp,Mayo 1
845.bmp,Mayo 3
846.bmp,Mayo 0
847.bmp,Mayo 0
848.bmp,Mayo 0
849.bmp,Mayo 1
850.bmp,Mayo 1
851.bmp,Mayo 1
852.bmp,Mayo 1
853.bmp,Mayo 0
854.bmp,Mayo 3
855.bmp,Mayo 0
856.bmp,Mayo 3
857.bmp,Mayo 0
858.bmp,Mayo 1
859.bmp,Mayo 2
860.bmp,Mayo 0
861.bmp,Mayo 0
862.bmp,Mayo 0
863.bmp,Mayo 1
864.bmp,Mayo 0
865.bmp,Mayo 0
866.bmp,Mayo 0
867.bmp,Mayo 1
868.bmp,Mayo 0
869.bmp,Mayo 1
870.bmp,Mayo 0
871.bmp,Mayo 0
872.bmp,Mayo 0
873.bmp,Mayo 0
874.bmp,Mayo 1
875.bmp,Mayo 2
876.bmp,Mayo 1
877.bmp,Mayo 2
878.bmp,Mayo 0
879.bmp,Mayo 0
880.bmp,Mayo 1
881.bmp,Mayo 2
882.bmp,Mayo 0
883.bmp,Mayo 0
884.bmp,Mayo 1
885.bmp,Mayo 0
886.bmp,Mayo 0
887.bmp,Mayo 1
888.bmp,Mayo 1
889.bmp,Mayo 0
890.bmp,Mayo 0
891.bmp,Mayo 0
892.bmp,Mayo 3
893.bmp,Mayo 1
894.bmp,Mayo 1
895.bmp,Mayo 0
896.bmp,Mayo 1
897.bmp,Mayo 0
898.bmp,Mayo 1
899.bmp,Mayo 0
900.bmp,Mayo 3
901.bmp,Mayo 1
902.bmp,Mayo 1
903.bmp,Mayo 1
904.bmp,Mayo 1
905.bmp,Mayo 1
906.bmp,Mayo 1
907.bmp,Mayo 0
908.bmp,Mayo 0
909.bmp,Mayo 0
910.bmp,Mayo 0
911.bmp,Mayo 1
912.bmp,Mayo 0
913.bmp,Mayo 0
914.bmp,Mayo 0
915.bmp,Mayo 0
916.bmp,Mayo 0
917.bmp,Mayo 1
918.bmp,Mayo 0
919.bmp,Mayo 1
920.bmp,Mayo 1
921.bmp,Mayo 3
922.bmp,Mayo 1
923.bmp,Mayo 1
924.bmp,Mayo 2
925.bmp,Mayo 0
926.bmp,Mayo 0
927.bmp,Mayo 0
928.bmp,Mayo 1
929.bmp,Mayo 0
930.bmp,Mayo 0
931.bmp,Mayo 2
932.bmp,Mayo 3
933.bmp,Mayo 2
934.bmp,Mayo 0
935.bmp,Mayo 0
936.bmp,Mayo 2
937.bmp,Mayo 0
938.bmp,Mayo 1
939.bmp,Mayo 2
940.bmp,Mayo 0
941.bmp,Mayo 1
942.bmp,Mayo 0
943.bmp,Mayo 1
944.bmp,Mayo 1
945.bmp,Mayo 0
946.bmp,Mayo 0
947.bmp,Mayo 1
948.bmp,Mayo 1
949.bmp,Mayo 0
950.bmp,Mayo 1
951.bmp,Mayo 0
952.bmp,Mayo 1
953.bmp,Mayo 0
954.bmp,Mayo 2
955.bmp,Mayo 1
956.bmp,Mayo 2
957.bmp,Mayo 0
958.bmp,Mayo 0
959.bmp,Mayo 1
960.bmp,Mayo 0
961.bmp,Mayo 0
962.bmp,Mayo 1
963.bmp,Mayo 2
964.bmp,Mayo 0
965.bmp,Mayo 0
966.bmp,Mayo 0
967.bmp,Mayo 1
968.bmp,Mayo 0
969.bmp,Mayo 0
970.bmp,Mayo 0
971.bmp,Mayo 1
972.bmp,Mayo 0
973.bmp,Mayo 1
974.bmp,Mayo 0
975.bmp,Mayo 2
976.bmp,Mayo 0
977.bmp,Mayo 1
978.bmp,Mayo 1
979.bmp,Mayo 0
980.bmp,Mayo 0
981.bmp,Mayo 2
982.bmp,Mayo 2
983.bmp,Mayo 0
984.bmp,Mayo 1
985.bmp,Mayo 1
986.bmp,Mayo 3
987.bmp,Mayo 1
988.bmp,Mayo 0
989.bmp,Mayo 0
990.bmp,Mayo 0
991.bmp,Mayo 0
992.bmp,Mayo 0
993.bmp,Mayo 1
994.bmp,Mayo 0
995.bmp,Mayo 3
996.bmp,Mayo 1
997.bmp,Mayo 2
998.bmp,Mayo 2
999.bmp,Mayo 0
1000.bmp,Mayo 2
1001.bmp,Mayo 1
1002.bmp,Mayo 2
1003.bmp,Mayo 3
1004.bmp,Mayo 1
1005.bmp,Mayo 2
1006.bmp,Mayo 1
1007.bmp,Mayo 3
1008.bmp,Mayo 0
1009.bmp,Mayo 0
1010.bmp,Mayo 0
1011.bmp,Mayo 1
1012.bmp,Mayo 0
1013.bmp,Mayo 3
1014.bmp,Mayo 1
1015.bmp,Mayo 1
1016.bmp,Mayo 0
1017.bmp,Mayo 0
1018.bmp,Mayo 0
1019.bmp,Mayo 1
1020.bmp,Mayo 3
1021.bmp,Mayo 0
1022.bmp,Mayo 0
1023.bmp,Mayo 0
1024.bmp,Mayo 0
1025.bmp,Mayo 0
1026.bmp,Mayo 0
1027.bmp,Mayo 0
1028.bmp,Mayo 0
1029.bmp,Mayo 0
1030.bmp,Mayo 0
1031.bmp,Mayo 1
1032.bmp,Mayo 2
1033.bmp,Mayo 0
1034.bmp,Mayo 0
1035.bmp,Mayo 0
1036.bmp,Mayo 1
1037.bmp,Mayo 1
1038.bmp,Mayo 0
1039.bmp,Mayo 0
1040.bmp,Mayo 3
1041.bmp,Mayo 1
1042.bmp,Mayo 1
1043.bmp,Mayo 0
1044.bmp,Mayo 2
1045.bmp,Mayo 0
1046.bmp,Mayo 0
1047.bmp,Mayo 0
1048.bmp,Mayo 0
1049.bmp,Mayo 2
1050.bmp,Mayo 3
1051.bmp,Mayo 1
1052.bmp,Mayo 0
1053.bmp,Mayo 1
1054.bmp,Mayo 1
1055.bmp,Mayo 3
1056.bmp,Mayo 1
1057.bmp,Mayo 1
1058.bmp,Mayo 1
1059.bmp,Mayo 0
1060.bmp,Mayo 2
1061.bmp,Mayo 0
1062.bmp,Mayo 0
1063.bmp,Mayo 1
1064.bmp,Mayo 0
1065.bmp,Mayo 0
1066.bmp,Mayo 1
1067.bmp,Mayo 2
1068.bmp,Mayo 0
1069.bmp,Mayo 0
1070.bmp,Mayo 0
1071.bmp,Mayo 0
1072.bmp,Mayo 1
1073.bmp,Mayo 1
1074.bmp,Mayo 0
1075.bmp,Mayo 2
1076.bmp,Mayo 0
1077.bmp,Mayo 1
1078.bmp,Mayo 1
1079.bmp,Mayo 0
1080.bmp,Mayo 2
1081.bmp,Mayo 1
1082.bmp,Mayo 1
1083.bmp,Mayo 0
1084.bmp,Mayo 0
1085.bmp,Mayo 0
1086.bmp,Mayo 0
1087.bmp,Mayo 0
1088.bmp,Mayo 0
1089.bmp,Mayo 1
1090.bmp,Mayo 0
1091.bmp,Mayo 0
1092.bmp,Mayo 0
1093.bmp,Mayo 1
1094.bmp,Mayo 1
1095.bmp,Mayo 0
1096.bmp,Mayo 0
1097.bmp,Mayo 2
1098.bmp,Mayo 1
1099.bmp,Mayo 0
1100.bmp,Mayo 2
1101.bmp,Mayo 0
1102.bmp,Mayo 2
1103.bmp,Mayo 0
1104.bmp,Mayo 1
1105.bmp,Mayo 1
1106.bmp,Mayo 0
1107.bmp,Mayo 0
1108.bmp,Mayo 0
1109.bmp,Mayo 0
1110.bmp,Mayo 0
1111.bmp,Mayo 1
1112.bmp,Mayo 1
1113.bmp,Mayo 0
1114.bmp,Mayo 2
1115.bmp,Mayo 0
1116.bmp,Mayo 1
1117.bmp,Mayo 1
1118.bmp,Mayo 0
1119.bmp,Mayo 0
1120.bmp,Mayo 0
1121.bmp,Mayo 1
1122.bmp,Mayo 0
1123.bmp,Mayo 3
1124.bmp,Mayo 0
1125.bmp,Mayo 0
1126.bmp,Mayo 0
1127.bmp,Mayo 1
1128.bmp,Mayo 0
1129.bmp,Mayo 0
1130.bmp,Mayo 2
1131.bmp,Mayo 0
1132.bmp,Mayo 1
1133.bmp,Mayo 0
1134.bmp,Mayo 0
1135.bmp,Mayo 1
1136.bmp,Mayo 0
1137.bmp,Mayo 0
1138.bmp,Mayo 1
1139.bmp,Mayo 2
1140.bmp,Mayo 3
1141.bmp,Mayo 1
1142.bmp,Mayo 0
1143.bmp,Mayo 0
1144.bmp,Mayo 1
1145.bmp,Mayo 0
1146.bmp,Mayo 1
1147.bmp,Mayo 0
1148.bmp,Mayo 3
1149.bmp,Mayo 0
1150.bmp,Mayo 0
1151.bmp,Mayo 1
1152.bmp,Mayo 2
1153.bmp,Mayo 2
1154.bmp,Mayo 1
1155.bmp,Mayo 0
1156.bmp,Mayo 0
1157.bmp,Mayo 1
1158.bmp,Mayo 1
1159.bmp,Mayo 1
1160.bmp,Mayo 2
1161.bmp,Mayo 0
1162.bmp,Mayo 1
1163.bmp,Mayo 1
1164.bmp,Mayo 2
1165.bmp,Mayo 0
1166.bmp,Mayo 0
1167.bmp,Mayo 0
1168.bmp,Mayo 3
1169.bmp,Mayo 1
1170.bmp,Mayo 1
1171.bmp,Mayo 0
1172.bmp,Mayo 1
1173.bmp,Mayo 1
1174.bmp,Mayo 0
1175.bmp,Mayo 0
1176.bmp,Mayo 0
1177.bmp,Mayo 0
1178.bmp,Mayo 1
1179.bmp,Mayo 0
1180.bmp,Mayo 1
1181.bmp,Mayo 2
1182.bmp,Mayo 0
1183.bmp,Mayo 0
1184.bmp,Mayo 0
1185.bmp,Mayo 1
1186.bmp,Mayo 2
1187.bmp,Mayo 0
1188.bmp,Mayo 2
1189.bmp,Mayo 0
1190.bmp,Mayo 1
1191.bmp,Mayo 0
1192.bmp,Mayo 0
1193.bmp,Mayo 1
1194.bmp,Mayo 0
1195.bmp,Mayo 1
1196.bmp,Mayo 0
1197.bmp,Mayo 0
1198.bmp,Mayo 0
1199.bmp,Mayo 0
1200.bmp,Mayo 0
1201.bmp,Mayo 0
1202.bmp,Mayo 1
1203.bmp,Mayo 1
1204.bmp,Mayo 3
1205.bmp,Mayo 0
1206.bmp,Mayo 0
1207.bmp,Mayo 2
1208.bmp,Mayo 1
1209.bmp,Mayo 1
1210.bmp,Mayo 3
1211.bmp,Mayo 0
1212.bmp,Mayo 0
1213.bmp,Mayo 1
1214.bmp,Mayo 0
1215.bmp,Mayo 0
1216.bmp,Mayo 1
1217.bmp,Mayo 1
1218.bmp,Mayo 1
1219.bmp,Mayo 0
1220.bmp,Mayo 1
1221.bmp,Mayo 0
1222.bmp,Mayo 1
1223.bmp,Mayo 1
1224.bmp,Mayo 0
1225.bmp,Mayo 1
1226.bmp,Mayo 2
1227.bmp,Mayo 1
1228.bmp,Mayo 1
1229.bmp,Mayo 2
1230.bmp,Mayo 3
1231.bmp,Mayo 0
1232.bmp,Mayo 1
1233.bmp,Mayo 0
1234.bmp,Mayo 0
1235.bmp,Mayo 0
1236.bmp,Mayo 1
1237.bmp,Mayo 0
1238.bmp,Mayo 1
1239.bmp,Mayo 1
1240.bmp,Mayo 2
1241.bmp,Mayo 1
1242.bmp,Mayo 0
1243.bmp,Mayo 1
1244.bmp,Mayo 3
1245.bmp,Mayo 0
1246.bmp,Mayo 0
1247.bmp,Mayo 0
1248.bmp,Mayo 2
1249.bmp,Mayo 1
1250.bmp,Mayo 0
1251.bmp,Mayo 0
1252.bmp,Mayo 3
1253.bmp,Mayo 3
1254.bmp,Mayo 0
1255.bmp,Mayo 0
1256.bmp,Mayo 0
1257.bmp,Mayo 2
1258.bmp,Mayo 1
1259.bmp,Mayo 3
1260.bmp,Mayo 0
1261.bmp,Mayo 0
1262.bmp,Mayo 0
1263.bmp,Mayo 2
1264.bmp,Mayo 0
1265.bmp,Mayo 1
1266.bmp,Mayo 0
1267.bmp,Mayo 2
1268.bmp,Mayo 0
1269.bmp,Mayo 1
1270.bmp,Mayo 0
1271.bmp,Mayo 0
1272.bmp,Mayo 1
1273.bmp,Mayo 0
1274.bmp,Mayo 0
1275.bmp,Mayo 1
1276.bmp,Mayo 1
1277.bmp,Mayo 0
1278.bmp,Mayo 0
1279.bmp,Mayo 2
1280.bmp,Mayo 0
1281.bmp,Mayo 1
1282.bmp,Mayo 0
1283.bmp,Mayo 0
1284.bmp,Mayo 1
1285.bmp,Mayo 0
1286.bmp,Mayo 0
1287.bmp,Mayo 2
1288.bmp,Mayo 1
1289.bmp,Mayo 2
1290.bmp,Mayo 3
1291.bmp,Mayo 0
1292.bmp,Mayo 1
1293.bmp,Mayo 1
1294.bmp,Mayo 0
1295.bmp,Mayo 1
1296.bmp,Mayo 0
1297.bmp,Mayo 2
1298.bmp,Mayo 1
1299.bmp,Mayo 2
1300.bmp,Mayo 0
1301.bmp,Mayo 0
1302.bmp,Mayo 0
1303.bmp,Mayo 1
1304.bmp,Mayo 1
1305.bmp,Mayo 0
1306.bmp,Mayo 0
1307.bmp,Mayo 3
1308.bmp,Mayo 0
1309.bmp,Mayo 2
1310.bmp,Mayo 2
1311.bmp,Mayo 0
1312.bmp,Mayo 0
1313.bmp,Mayo 0
1314.bmp,Mayo 0
1315.bmp,Mayo 1
1316.bmp,Mayo 0
1317.bmp,Mayo 1
1318.bmp,Mayo 0
1319.bmp,Mayo 1
1320.bmp,Mayo 0
1321.bmp,Mayo 1
1322.bmp,Mayo 1
1323.bmp,Mayo 0
1324.bmp,Mayo 0
1325.bmp,Mayo 0
1326.bmp,Mayo 0
1327.bmp,Mayo 0
1328.bmp,Mayo 1
1329.bmp,Mayo 0
1330.bmp,Mayo 1
1331.bmp,Mayo 1
1332.bmp,Mayo 0
1333.bmp,Mayo 1
1334.bmp,Mayo 2
1335.bmp,Mayo 1
1336.bmp,Mayo 1
1337.bmp,Mayo 1
1338.bmp,Mayo 0
1339.bmp,Mayo 1
1340.bmp,Mayo 1
1341.bmp,Mayo 1
1342.bmp,Mayo 0
1343.bmp,Mayo 0
1344.bmp,Mayo 1
1345.bmp,Mayo 2
1346.bmp,Mayo 1
1347.bmp,Mayo 1
1348.bmp,Mayo 0
1349.bmp,Mayo 1
1350.bmp,Mayo 0
1351.bmp,Mayo 2
1352.bmp,Mayo 1
1353.bmp,Mayo 0
1354.bmp,Mayo 1
1355.bmp,Mayo 1
1356.bmp,Mayo 2
1357.bmp,Mayo 0
1358.bmp,Mayo 0
1359.bmp,Mayo 0
1360.bmp,Mayo 2
1361.bmp,Mayo 1
1362.bmp,Mayo 0
1363.bmp,Mayo 0
1364.bmp,Mayo 1
1365.bmp,Mayo 2
1366.bmp,Mayo 0
1367.bmp,Mayo 0
1368.bmp,Mayo 1
1369.bmp,Mayo 0
1370.bmp,Mayo 0
1371.bmp,Mayo 0
1372.bmp,Mayo 0
1373.bmp,Mayo 0
1374.bmp,Mayo 1
1375.bmp,Mayo 1
1376.bmp,Mayo 0
1377.bmp,Mayo 0
1378.bmp,Mayo 1
1379.bmp,Mayo 3
1380.bmp,Mayo 0
1381.bmp,Mayo 0
1382.bmp,Mayo 2
1383.bmp,Mayo 1
1384.bmp,Mayo 0
1385.bmp,Mayo 2
1386.bmp,Mayo 2
1387.bmp,Mayo 1
1388.bmp,Mayo 1
1389.bmp,Mayo 2
1390.bmp,Mayo 0
1391.bmp,Mayo 1
1392.bmp,Mayo 1
1393.bmp,Mayo 1
1394.bmp,Mayo 0
1395.bmp,Mayo 0
1396.bmp,Mayo 1
1397.bmp,Mayo 1
1398.bmp,Mayo 0
1399.bmp,Mayo 0
1400.bmp,Mayo 0
1401.bmp,Mayo 2
1402.bmp,Mayo 1
1403.bmp,Mayo 0
1404.bmp,Mayo 3
1405.bmp,Mayo 1
1406.bmp,Mayo 0
1407.bmp,Mayo 1
1408.bmp,Mayo 1
1409.bmp,Mayo 1
1410.bmp,Mayo 1
1411.bmp,Mayo 0
1412.bmp,Mayo 0
1413.bmp,Mayo 2
1414.bmp,Mayo 0
1415.bmp,Mayo 0
1416.bmp,Mayo 1
1417.bmp,Mayo 1
1418.bmp,Mayo 0
1419.bmp,Mayo 1
1420.bmp,Mayo 0
1421.bmp,Mayo 0
1422.bmp,Mayo 0
1423.bmp,Mayo 1
1424.bmp,Mayo 0
1425.bmp,Mayo 1
1426.bmp,Mayo 1
1427.bmp,Mayo 1
1428.bmp,Mayo 0
1429.bmp,Mayo 0
1430.bmp,Mayo 0
1431.bmp,Mayo 1
1432.bmp,Mayo 0
1433.bmp,Mayo 1
1434.bmp,Mayo 0
1435.bmp,Mayo 1
1436.bmp,Mayo 0
1437.bmp,Mayo 2
1438.bmp,Mayo 1
1439.bmp,Mayo 0
1440.bmp,Mayo 0
1441.bmp,Mayo 0
1442.bmp,Mayo 1
1443.bmp,Mayo 0
1444.bmp,Mayo 1
1445.bmp,Mayo 0
1446.bmp,Mayo 0
1447.bmp,Mayo 1
1448.bmp,Mayo 0
1449.bmp,Mayo 0
1450.bmp,Mayo 0
1451.bmp,Mayo 0
1452.bmp,Mayo 1
1453.bmp,Mayo 0
1454.bmp,Mayo 0
1455.bmp,Mayo 0
1456.bmp,Mayo 1
1457.bmp,Mayo 0
1458.bmp,Mayo 3
1459.bmp,Mayo 2
1460.bmp,Mayo 1
1461.bmp,Mayo 0
1462.bmp,Mayo 3
1463.bmp,Mayo 1
1464.bmp,Mayo 1
1465.bmp,Mayo 0
1466.bmp,Mayo 2
1467.bmp,Mayo 1
1468.bmp,Mayo 0
1469.bmp,Mayo 0
1470.bmp,Mayo 1
1471.bmp,Mayo 0
1472.bmp,Mayo 0
1473.bmp,Mayo 1
1474.bmp,Mayo 0
1475.bmp,Mayo 1
1476.bmp,Mayo 0
1477.bmp,Mayo 0
1478.bmp,Mayo 0
1479.bmp,Mayo 1
1480.bmp,Mayo 0
1481.bmp,Mayo 0
1482.bmp,Mayo 1
1483.bmp,Mayo 0
1484.bmp,Mayo 0
1485.bmp,Mayo 0
1486.bmp,Mayo 1
1487.bmp,Mayo 0
1488.bmp,Mayo 0
1489.bmp,Mayo 0
1490.bmp,Mayo 0
1491.bmp,Mayo 1
1492.bmp,Mayo 1
1493.bmp,Mayo 0
1494.bmp,Mayo 0
1495.bmp,Mayo 0
1496.bmp,Mayo 2
1497.bmp,Mayo 2
1498.bmp,Mayo 0
1499.bmp,Mayo 1
1500.bmp,Mayo 1
1501.bmp,Mayo 1
1502.bmp,Mayo 1
1503.bmp,Mayo 0
1504.bmp,Mayo 0
1505.bmp,Mayo 1
1506.bmp,Mayo 0
1507.bmp,Mayo 0
1508.bmp,Mayo 0
1509.bmp,Mayo 1
1510.bmp,Mayo 3
1511.bmp,Mayo 1
1512.bmp,Mayo 1
1513.bmp,Mayo 0
1514.bmp,Mayo 1
1515.bmp,Mayo 1
1516.bmp,Mayo 0
1517.bmp,Mayo 0
1518.bmp,Mayo 0
1519.bmp,Mayo 1
1520.bmp,Mayo 1
1521.bmp,Mayo 0
1522.bmp,Mayo 0
1523.bmp,Mayo 3
1524.bmp,Mayo 0
1525.bmp,Mayo 2
1526.bmp,Mayo 0
1527.bmp,Mayo 2
1528.bmp,Mayo 0
1529.bmp,Mayo 0
1530.bmp,Mayo 1
1531.bmp,Mayo 0
1532.bmp,Mayo 1
1533.bmp,Mayo 1
1534.bmp,Mayo 0
1535.bmp,Mayo 0
1536.bmp,Mayo 0
1537.bmp,Mayo 0
1538.bmp,Mayo 1
1539.bmp,Mayo 0
1540.bmp,Mayo 1
1541.bmp,Mayo 0
1542.bmp,Mayo 0
1543.bmp,Mayo 2
1544.bmp,Mayo 0
1545.bmp,Mayo 0
1546.bmp,Mayo 0
1547.bmp,Mayo 2
1548.bmp,Mayo 0
1549.bmp,Mayo 1
1550.bmp,Mayo 0
1551.bmp,Mayo 1
1552.bmp,Mayo 1
1553.bmp,Mayo 1
1554.bmp,Mayo 1
1555.bmp,Mayo 0
1556.bmp,Mayo 0
1557.bmp,Mayo 1
1558.bmp,Mayo 1
1559.bmp,Mayo 1
1560.bmp,Mayo 3
1561.bmp,Mayo 0
1562.bmp,Mayo 0
1563.bmp,Mayo 0
1564.bmp,Mayo 0
1565.bmp,Mayo 0
1566.bmp,Mayo 1
1567.bmp,Mayo 0
1568.bmp,Mayo 1
1569.bmp,Mayo 1
1570.bmp,Mayo 0
1571.bmp,Mayo 2
1572.bmp,Mayo 0
1573.bmp,Mayo 2
1574.bmp,Mayo 0
1575.bmp,Mayo 0
1576.bmp,Mayo 0
1577.bmp,Mayo 0
1578.bmp,Mayo 0
1579.bmp,Mayo 0
1580.bmp,Mayo 0
1581.bmp,Mayo 0
1582.bmp,Mayo 0
1583.bmp,Mayo 0
1584.bmp,Mayo 0
1585.bmp,Mayo 0
1586.bmp,Mayo 0
1587.bmp,Mayo 2
1588.bmp,Mayo 0
1589.bmp,Mayo 0
1590.bmp,Mayo 3
1591.bmp,Mayo 2
1592.bmp,Mayo 1
1593.bmp,Mayo 1
1594.bmp,Mayo 1
1595.bmp,Mayo 0
1596.bmp,Mayo 1
1597.bmp,Mayo 1
1598.bmp,Mayo 2
1599.bmp,Mayo 0
1600.bmp,Mayo 0
1601.bmp,Mayo 0
1602.bmp,Mayo 0
1603.bmp,Mayo 1
1604.bmp,Mayo 1
1605.bmp,Mayo 0
1606.bmp,Mayo 0
1607.bmp,Mayo 1
1608.bmp,Mayo 0
1609.bmp,Mayo 1
1610.bmp,Mayo 0
1611.bmp,Mayo 2
1612.bmp,Mayo 0
1613.bmp,Mayo 1
1614.bmp,Mayo 1
1615.bmp,Mayo 0
1616.bmp,Mayo 2
1617.bmp,Mayo 1
1618.bmp,Mayo 3
1619.bmp,Mayo 1
1620.bmp,Mayo 2
1621.bmp,Mayo 0
1622.bmp,Mayo 3
1623.bmp,Mayo 2
1624.bmp,Mayo 1
1625.bmp,Mayo 0
1626.bmp,Mayo 0
1627.bmp,Mayo 2
1628.bmp,Mayo 0
1629.bmp,Mayo 2
1630.bmp,Mayo 1
1631.bmp,Mayo 1
1632.bmp,Mayo 1
1633.bmp,Mayo 0
1634.bmp,Mayo 0
1635.bmp,Mayo 3
1636.bmp,Mayo 1
1637.bmp,Mayo 0
1638.bmp,Mayo 1
1639.bmp,Mayo 0
1640.bmp,Mayo 0
1641.bmp,Mayo 0
1642.bmp,Mayo 0
1643.bmp,Mayo 0
1644.bmp,Mayo 1
1645.bmp,Mayo 0
1646.bmp,Mayo 0
1647.bmp,Mayo 1
1648.bmp,Mayo 1
1649.bmp,Mayo 3
1650.bmp,Mayo 0
1651.bmp,Mayo 2
1652.bmp,Mayo 2
1653.bmp,Mayo 1
1654.bmp,Mayo 0
1655.bmp,Mayo 0
1656.bmp,Mayo 2
1657.bmp,Mayo 1
1658.bmp,Mayo 0
1659.bmp,Mayo 0
1660.bmp,Mayo 3
1661.bmp,Mayo 1
1662.bmp,Mayo 2
1663.bmp,Mayo 1
1664.bmp,Mayo 0
1665.bmp,Mayo 0
1666.bmp,Mayo 0
1667.bmp,Mayo 1
1668.bmp,Mayo 1
1669.bmp,Mayo 0
1670.bmp,Mayo 1
1671.bmp,Mayo 0
1672.bmp,Mayo 1
1673.bmp,Mayo 0
1674.bmp,Mayo 1
1675.bmp,Mayo 1
1676.bmp,Mayo 1
1677.bmp,Mayo 0
1678.bmp,Mayo 3
1679.bmp,Mayo 1
1680.bmp,Mayo 0
1681.bmp,Mayo 0
1682.bmp,Mayo 0
1683.bmp,Mayo 0
1684.bmp,Mayo 3
1685.bmp,Mayo 0
